year_int,baseline_access,optimistic_access,pessimistic_access,baseline_usage,optimistic_usage,pessimistic_usage
2025,57.124999997397964,62.57954545194342,54.761363633761604,21.019454032387994,28.019454032387994,17.383090396024357
2026,61.45833332942951,70.18560605670223,57.27651514761133,21.029829516328256,32.029829516328256,15.211647698146438
2027,65.79166666146105,77.79166666146105,59.79166666146105,21.040205000268518,36.040205000268514,13.040205000268518
